{"stats":{"minecraft:used":{"minecraft:dirt":8},"minecraft:custom":{"minecraft:jump":23,"minecraft:time_since_rest":2830,"minecraft:damage_dealt":10,"minecraft:play_one_minute":2830,"minecraft:leave_game":2,"minecraft:sprint_one_cm":3861,"minecraft:time_since_death":2830,"minecraft:walk_one_cm":3894,"minecraft:sneak_time":75,"minecraft:drop":2,"minecraft:fly_one_cm":27380},"minecraft:picked_up":{"minecraft:wheat_seeds":2,"minecraft:dirt":8},"minecraft:dropped":{"minecraft:wheat_seeds":2},"minecraft:mined":{"minecraft:tall_grass":1,"minecraft:grass":34,"minecraft:grass_block":2,"minecraft:dirt":6}},"DataVersion":2586}