{"stats":{"minecraft:used":{"minecraft:crafting_table":1,"minecraft:sugar_cane":2},"minecraft:custom":{"minecraft:time_since_rest":3430,"minecraft:crouch_one_cm":239,"minecraft:play_one_minute":3430,"minecraft:sprint_one_cm":11188,"minecraft:walk_one_cm":3454,"minecraft:sneak_time":97,"minecraft:drop":2,"minecraft:jump":61,"minecraft:leave_game":2,"minecraft:time_since_death":3430,"minecraft:walk_on_water_one_cm":66,"minecraft:interact_with_crafting_table":1,"minecraft:fall_one_cm":1103,"minecraft:fly_one_cm":15979},"minecraft:picked_up":{"minecraft:crafting_table":1,"minecraft:stick":5,"minecraft:wheat_seeds":3,"minecraft:oak_log":9,"minecraft:sugar_cane":2},"minecraft:dropped":{"minecraft:wheat_seeds":3},"minecraft:crafted":{"minecraft:oak_planks":36,"minecraft:crafting_table":1,"minecraft:stick":4,"minecraft:wooden_pickaxe":1},"minecraft:mined":{"minecraft:grass":11,"minecraft:oak_log":9,"minecraft:tall_grass":2,"minecraft:sugar_cane":1,"minecraft:crafting_table":1}},"DataVersion":2586}